test,accumulated_wait_times,accumulated_avg_wait_times,accumulated_queue_length,accumulated_avg_queue_length,accumulated_total_fuel_consumption,accumulated_avg_fuel_consumption,accumulated_pedestrian_wait_times,accumulated_pedestrian_avg_wait_times
1,46017,25.050081654872077,46017,4.7934375,79364421.16096073,43203.27771418657,193655,509.6184210526316
2,6280,6.796536796536796,6280,0.6541666666666667,21957213.3605554,23763.217922679003,15552,40.92631578947368
3,30239,29.18822393822394,30239,3.1498958333333333,53017415.21623302,51175.11121258014,183500,482.89473684210526
4,14724,13.735074626865671,14724,1.53375,35974315.05327475,33558.1297138757,66559,175.15526315789472
5,6215,6.487473903966597,6215,0.6473958333333333,21690933.59248117,22641.89310279872,13692,36.03157894736842
6,52443,14.962339514978602,52443,5.4628125,123706856.48602904,35294.39557376006,266467,701.228947368421
