test,Unnamed: 0,step,number_of_vehciles,number_of_pedestrians,accumulated_wait_times,accumulated_queue_length,accumulated_pedestrian_wait_times,accumulated_total_fuel_consumption,TL101_stopped,TL101_accumulated_waiting_time,TL101_average_speed,agents_total_stopped,agents_total_accumulated_waiting_time,rewards,accumulated_avg_wait_times,accumulated_pedestrian_avg_wait_times,accumulated_average_fuel_consumption,accumulated_avg_queue_length
1,0,9220800.0,2145.0,372.0,33445.0,33445.0,136438.0,87218501.50893363,31273.0,14917473.0,171.7157432016724,31273.0,14917473.0,-405.72,15.592074592074592,366.76881720430106,40661.30606477093,3.4838541666666667
2,0,9220800.0,896.0,369.0,11293.0,11293.0,67320.0,26062126.59978449,10805.0,7152035.0,55.77930375094424,10805.0,7152035.0,-125.87999999999997,12.603794642857142,182.4390243902439,29087.1948658309,1.1763541666666666
3,0,9220800.0,1005.0,405.0,12046.0,12046.0,71788.0,39361753.04134905,11157.0,7157696.0,297.4005912158788,11157.0,7157696.0,-138.73000000000002,11.986069651741294,177.25432098765432,39165.92342422791,1.2547916666666667
4,0,9220800.0,988.0,417.0,13140.0,13140.0,72370.0,34955448.96800457,12659.0,7392100.0,183.0043702185634,12659.0,7392100.0,-173.55999999999997,13.299595141700404,173.54916067146283,35380.0090769277,1.36875
5,0,9220800.0,466.0,366.0,9513.0,9513.0,68165.0,17092162.32058857,9124.0,7346495.0,52.8526750904546,9124.0,7346495.0,-95.85000000000002,20.41416309012876,186.2431693989071,36678.45991542612,0.9909375
6,0,9220800.0,3613.0,415.0,51295.0,51295.0,134802.0,133251273.2585846,47589.0,16310127.0,166.11945466744274,47589.0,16310127.0,-1016.16,14.19734292831442,324.8240963855422,36881.06096279673,5.343229166666666
