test,accumulated_wait_times,accumulated_avg_wait_times,accumulated_queue_length,accumulated_avg_queue_length,accumulated_total_fuel_consumption,accumulated_avg_fuel_consumption,accumulated_pedestrian_wait_times,accumulated_pedestrian_avg_wait_times
1,96250,28.350515463917525,96250,10.026041666666666,155973567.344035,45942.14060207216,14833,39.03421052631579
2,12291,12.503560528992878,12291,1.2803125,28194969.03334398,28682.57277044148,14774,38.87894736842105
3,58093,53.10146252285192,58093,6.051354166666667,79676165.46872623,72830.13296958522,14783,38.90263157894737
4,31343,32.24588477366255,31343,3.2648958333333336,50488787.44701382,51943.19696194837,14926,39.27894736842105
5,12401,11.429493087557605,12401,1.291770833333333,28528471.4482335,26293.52207210461,14806,38.963157894736845
6,224061,31.96305278174037,224061,23.3396875,339118702.7077268,48376.41978712222,14825,39.01315789473684
