test,Unnamed: 0,step,number_of_vehciles,number_of_pedestrians,accumulated_wait_times,accumulated_queue_length,accumulated_pedestrian_wait_times,accumulated_total_fuel_consumption,TL101_stopped,TL101_accumulated_waiting_time,TL101_average_speed,agents_total_stopped,agents_total_accumulated_waiting_time,rewards,accumulated_avg_wait_times,accumulated_pedestrian_avg_wait_times,accumulated_average_fuel_consumption,accumulated_avg_queue_length
1,0,9220800.0,2372.0,391.0,39156.0,39156.0,19296.0,97207293.5433717,37683.0,2254165.0,140.43467409589556,37683.0,2254165.0,-644.38,16.50758853288364,49.35038363171356,40981.15242132028,4.07875
2,0,9220800.0,934.0,380.0,5471.0,5471.0,9959.0,21152547.14364453,5018.0,54555.0,130.10937850937847,5018.0,54555.0,-134.12,5.857601713062098,26.207894736842107,22647.26674908408,0.5698958333333334
3,0,9220800.0,1075.0,380.0,6796.0,6796.0,16607.0,36590122.98076679,6348.0,261391.0,389.7694457756381,6348.0,261391.0,-149.18,6.321860465116279,43.70263157894737,34037.32370303887,0.7079166666666666
4,0,9220800.0,1048.0,379.0,6303.0,6303.0,19221.0,29985754.341417864,5883.0,166797.0,317.0521427727041,5883.0,166797.0,-151.32999999999998,6.0143129770992365,50.715039577836414,28612.361012803307,0.6565625
5,0,9220800.0,1027.0,396.0,5729.0,5729.0,10998.0,20675467.810185768,5330.0,64070.0,131.6293384846212,5330.0,64070.0,-143.36,5.5783836416747805,27.772727272727277,20131.906339031902,0.5967708333333334
6,0,9220800.0,3708.0,368.0,73566.0,73566.0,72616.0,169096568.21906912,69972.0,9604897.0,100.5652441847003,69972.0,9604897.0,-1068.87,19.83980582524272,197.32608695652172,45603.17373761303,7.663125
